マスター,地名,センター,燃えるごみ,紙類・硬質（製品）プラスチック,容器包装プラスチック,発泡スチロール・トレイ・飲料缶,ペットボトル
1,赤司,小城市廃棄物中継センター,月 木,水1,水2,水3,水4
1,朝日町,小城市廃棄物中継センター,月 木,水1,水2,水3,水4
1,芦刈中村,小城市廃棄物中継センター,火 金,水1,水2,水3,水4
1,芦田,小城市廃棄物中継センター,月 木,水1,水2,水3,水4
1,甘木,小城市廃棄物中継センター,月 木,水1,水2,水3,水4
1,砂田,小城市廃棄物中継センター,火 金,水1,水2,水3,水4
1,石木,小城市廃棄物中継センター,月 木,水1,水2,水3,水4
1,泉,小城市廃棄物中継センター,火 金,水1,水2,水3,水4
1,一本松,小城市廃棄物中継センター,火 金,水1,水2,水3,水4
1,今市,小城市廃棄物中継センター,月 木,水1,水2,水3,水4
1,牛王,小城市廃棄物中継センター,火 金,水1,水2,水3,水4
1,牛津団地,小城市廃棄物中継センター,月 木,水1,水2,水3,水4
1,牛津本町,小城市廃棄物中継センター,月 木,水1,水2,水3,水4
1,牛尾,小城市廃棄物中継センター,火 金,水1,水2,水3,水4
1,内砥川,小城市廃棄物中継センター,火 金,水1,水2,水3,水4
1,生立ヶ里,小城市廃棄物中継センター,月 木,水1,水2,水3,水4
1,永泉寺,小城市廃棄物中継センター,月 木,水1,水2,水3,水4
1,江口,小城市廃棄物中継センター,火 金,水1,水2,水3,水4
1,江津,小城市廃棄物中継センター,月 木,水1,水2,水3,水4
1,江津ヶ里,小城市廃棄物中継センター,火 金,水1,水2,水3,水4
1,蛭子町,小城市廃棄物中継センター,月 木,水1,水2,水3,水4
1,江利,小城市廃棄物中継センター,火 金,水1,水2,水3,水4
1,江里口,小城市廃棄物中継センター,月 木,水1,水2,水3,水4
1,江里山,小城市廃棄物中継センター,月 木,水1,水2,水3,水4
1,円光寺,小城市廃棄物中継センター,火 金,水1,水2,水3,水4
1,大江,小城市廃棄物中継センター,火 金,水1,水2,水3,水4
1,大地町,小城市廃棄物中継センター,月 木,水1,水2,水3,水4
1,大塚,小城市廃棄物中継センター,月 木,水1,水2,水3,水4
1,大手町,小城市廃棄物中継センター,月 木,水1,水2,水3,水4
1,大寺,小城市廃棄物中継センター,月 木,水1,水2,水3,水4
1,大戸ヶ里,小城市廃棄物中継センター,火 金,水1,水2,水3,水4
1,岡町,小城市廃棄物中継センター,月 木,水1,水2,水3,水4
1,岡本,小城市廃棄物中継センター,月 木,水1,水2,水3,水4
1,小城中村,小城市廃棄物中継センター,火 金,水1,水2,水3,水4
1,小城本町,小城市廃棄物中継センター,月 木,水1,水2,水3,水4
1,小島,小城市廃棄物中継センター,火 金,水1,水2,水3,水4
1,乙柳,小城市廃棄物中継センター,月 木,水1,水2,水3,水4
2,柿樋瀬,小城市廃棄物中継センター,月 木,水1,水2,水3,水4
2,勝,小城市廃棄物中継センター,火 金,水1,水2,水3,水4
2,金田,小城市廃棄物中継センター,火 金,水1,水2,水3,水4
2,上江良,小城市廃棄物中継センター,月 木,水1,水2,水3,水4
2,上町,小城市廃棄物中継センター,月 木,水1,水2,水3,水4
2,上右原,小城市廃棄物中継センター,火 金,水1,水2,水3,水4
2,蒲原,小城市廃棄物中継センター,火 金,水1,水2,水3,水4
2,川越,小城市廃棄物中継センター,火 金,水1,水2,水3,水4
2,川内,小城市廃棄物中継センター,水,水1,水2,水3,水4
2,川原,小城市廃棄物中継センター,火 金,水1,水2,水3,水4
2,北浦,小城市廃棄物中継センター,月 木,水1,水2,水3,水4
2,北小路,小城市廃棄物中継センター,月 木,水1,水2,水3,水4
2,君ヶ坂,小城市廃棄物中継センター,火 金,水1,水2,水3,水4
2,清水,小城市廃棄物中継センター,月 木,水1,水2,水3,水4
2,久蘇,小城市廃棄物中継センター,火 金,水1,水2,水3,水4
2,轡ヶ里,小城市廃棄物中継センター,火 金,水1,水2,水3,水4
2,久米,小城市廃棄物中継センター,月 木,水1,水2,水3,水4
2,黒原,小城市廃棄物中継センター,火 金,水1,水2,水3,水4
2,桑鶴,小城市廃棄物中継センター,水,水1,水2,水3,水4
2,県営住宅,小城市廃棄物中継センター,月 木,水1,水2,水3,水4
2,小路,小城市廃棄物中継センター,火 金,水1,水2,水3,水4
2,郷の木,小城市廃棄物中継センター,火 金,水1,水2,水3,水4
2,甲柳原,小城市廃棄物中継センター,月 木,水1,水2,水3,水4
2,小隈,小城市廃棄物中継センター,火 金,水1,水2,水3,水4
2,五条,小城市廃棄物中継センター,火 金,水1,水2,水3,水4
2,米隈,小城市廃棄物中継センター,火 金,水1,水2,水3,水4
2,ビレッジハウス小城,小城市廃棄物中継センター,月 木,水1,水2,水3,水4
3,牛津栄町,小城市廃棄物中継センター,月 木,水1,水2,水3,水4
3,小城栄町,小城市廃棄物中継センター,火 金,水1,水2,水3,水4
3,西川,小城市廃棄物中継センター,火 金,水1,水2,水3,水4
3,佐織,小城市廃棄物中継センター,火 金,水1,水2,水3,水4
3,坂井,小城市廃棄物中継センター,火 金,水1,水2,水3,水4
3,鷺ノ原,小城市廃棄物中継センター,月 木,水1,水2,水3,水4
3,鯖岡,小城市廃棄物中継センター,月 木,水1,水2,水3,水4
3,寒気,小城市廃棄物中継センター,火 金,水1,水2,水3,水4
3,三間寺,小城市廃棄物中継センター,月 木,水1,水2,水3,水4
3,三条,小城市廃棄物中継センター,火 金,水1,水2,水3,水4
3,四条,小城市廃棄物中継センター,火 金,水1,水2,水3,水4
3,島溝,小城市廃棄物中継センター,火 金,水1,水2,水3,水4
3,下江良,小城市廃棄物中継センター,月 木,水1,水2,水3,水4
3,下久須,小城市廃棄物中継センター,火 金,水1,水2,水3,水4
3,下古賀,小城市廃棄物中継センター,火 金,水1,水2,水3,水4
3,下畑田,小城市廃棄物中継センター,火 金,水1,水2,水3,水4
3,下町,小城市廃棄物中継センター,月 木,水1,水2,水3,水4
3,下右原,小城市廃棄物中継センター,火 金,水1,水2,水3,水4
3,社搦,小城市廃棄物中継センター,火 金,水1,水2,水3,水4
3,石体,小城市廃棄物中継センター,水,水1,水2,水3,水4
3,宿,小城市廃棄物中継センター,火 金,水1,水2,水3,水4
3,宿古賀,小城市廃棄物中継センター,火 金,水1,水2,水3,水4
3,庄,小城市廃棄物中継センター,火 金,水1,水2,水3,水4
3,城栄町,小城市廃棄物中継センター,月 木,水1,水2,水3,水4
3,正徳町,小城市廃棄物中継センター,月 木,水1,水2,水3,水4
3,新町,小城市廃棄物中継センター,火 金,水1,水2,水3,水4
3,新村,小城市廃棄物中継センター,火 金,水1,水2,水3,水4
3,新屋敷,小城市廃棄物中継センター,火 金,水1,水2,水3,水4
3,杉町,小城市廃棄物中継センター,月 木,水1,水2,水3,水4
3,須の木,小城市廃棄物中継センター,月 木,水1,水2,水3,水4
3,住の江西,小城市廃棄物中継センター,火 金,水1,水2,水3,水4
3,住の江東,小城市廃棄物中継センター,火 金,水1,水2,水3,水4
3,住吉町,小城市廃棄物中継センター,月 木,水1,水2,水3,水4
4,大日,小城市廃棄物中継センター,月 木,水1,水2,水3,水4
4,高田,小城市廃棄物中継センター,月 木,水1,水2,水3,水4
4,高道,小城市廃棄物中継センター,火 金,水1,水2,水3,水4
4,高柳,小城市廃棄物中継センター,火 金,水1,水2,水3,水4
4,高原,小城市廃棄物中継センター,月 木,水1,水2,水3,水4
4,立物,小城市廃棄物中継センター,月 木,水1,水2,水3,水4
4,立石,小城市廃棄物中継センター,火 金,水1,水2,水3,水4
4,立野,小城市廃棄物中継センター,火 金,水1,水2,水3,水4
4,谷,小城市廃棄物中継センター,火 金,水1,水2,水3,水4
4,中善寺,小城市廃棄物中継センター,火 金,水1,水2,水3,水4
4,長神田,小城市廃棄物中継センター,月 木,水1,水2,水3,水4
4,出分,小城市廃棄物中継センター,火 金,水1,水2,水3,水4
4,寺浦,小城市廃棄物中継センター,火 金,水1,水2,水3,水4
4,寺町,小城市廃棄物中継センター,火 金,水1,水2,水3,水4
4,天満町,小城市廃棄物中継センター,月 木,水1,水2,水3,水4
4,道免,小城市廃棄物中継センター,火 金,水1,水2,水3,水4
4,遠江,小城市廃棄物中継センター,火 金,水1,水2,水3,水4
4,砥川町,小城市廃棄物中継センター,火 金,水1,水2,水3,水4
4,舎人,小城市廃棄物中継センター,火 金,水1,水2,水3,水4
4,友田,小城市廃棄物中継センター,月 木,水1,水2,水3,水4
4,虎坊,小城市廃棄物中継センター,火 金,水1,水2,水3,水4
5,芦刈永田,小城市廃棄物中継センター,火 金,水1,水2,水3,水4
5,牛津永田,小城市廃棄物中継センター,火 金,水1,水2,水3,水4
5,中町,小城市廃棄物中継センター,月 木,水1,水2,水3,水4
5,中溝,小城市廃棄物中継センター,火 金,水1,水2,水3,水4
5,西江津,小城市廃棄物中継センター,月 木,水1,水2,水3,水4
5,西小路,小城市廃棄物中継センター,火 金,水1,水2,水3,水4
5,西新町,小城市廃棄物中継センター,火 金,水1,水2,水3,水4
5,西道免,小城市廃棄物中継センター,火 金,水1,水2,水3,水4
5,西戸崎,小城市廃棄物中継センター,火 金,水1,水2,水3,水4
5,西谷,小城市廃棄物中継センター,火 金,水1,水2,水3,水4
5,西晴気,小城市廃棄物中継センター,火 金,水1,水2,水3,水4
5,西分,小城市廃棄物中継センター,月 木,水1,水2,水3,水4
5,練ヶ里,小城市廃棄物中継センター,月 木,水1,水2,水3,水4
6,袴田,小城市廃棄物中継センター,月 木,水1,水2,水3,水4
6,萩ノ町,小城市廃棄物中継センター,火 金,水1,水2,水3,水4
6,畑田,小城市廃棄物中継センター,火 金,水1,水2,水3,水4
6,初田,小城市廃棄物中継センター,月 木,水1,水2,水3,水4
6,馬場,小城市廃棄物中継センター,月 木,水1,水2,水3,水4
6,土生,小城市廃棄物中継センター,月 木,水1,水2,水3,水4
6,浜中,小城市廃棄物中継センター,火 金,水1,水2,水3,水4
6,原田,小城市廃棄物中継センター,月 木,水1,水2,水3,水4
6,東小松,小城市廃棄物中継センター,火 金,水1,水2,水3,水4
6,東新町,小城市廃棄物中継センター,月 木,水1,水2,水3,水4
6,東道免,小城市廃棄物中継センター,火 金,水1,水2,水3,水4
6,東戸崎,小城市廃棄物中継センター,火 金,水1,水2,水3,水4
6,東分,小城市廃棄物中継センター,月 木,水1,水2,水3,水4
6,樋口,小城市廃棄物中継センター,火 金,水1,水2,水3,水4
6,久本,小城市廃棄物中継センター,月 木,水1,水2,水3,水4
6,平原,小城市廃棄物中継センター,火 金,水1,水2,水3,水4
6,深川,小城市廃棄物中継センター,月 木,水1,水2,水3,水4
6,深町,小城市廃棄物中継センター,火 金,水1,水2,水3,水4
6,不二町,小城市廃棄物中継センター,火 金,水1,水2,水3,水4
6,布施ヶ里,小城市廃棄物中継センター,月 木,水1,水2,水3,水4
6,二瀬川,小城市廃棄物中継センター,月 木,水1,水2,水3,水4
6,仁俣,小城市廃棄物中継センター,月 木,水1,水2,水3,水4
6,船田,小城市廃棄物中継センター,火 金,水1,水2,水3,水4
6,弁財,小城市廃棄物中継センター,火 金,水1,水2,水3,水4
6,堀江,小城市廃棄物中継センター,月 木,水1,水2,水3,水4
6,本山,小城市廃棄物中継センター,火 金,水1,水2,水3,水4
7,前満江,小城市廃棄物中継センター,火 金,水1,水2,水3,水4
7,町分,小城市廃棄物中継センター,火 金,水1,水2,水3,水4
7,松尾,小城市廃棄物中継センター,月 木,水1,水2,水3,水4
7,松葉,小城市廃棄物中継センター,火 金,水1,水2,水3,水4
7,松本,小城市廃棄物中継センター,月 木,水1,水2,水3,水4
7,三ヶ島,小城市廃棄物中継センター,火 金,水1,水2,水3,水4
7,道辺,小城市廃棄物中継センター,月 木,水1,水2,水3,水4
7,戊,小城市廃棄物中継センター,月 木,水1,水2,水3,水4
7,緑,小城市廃棄物中継センター,月 木,水1,水2,水3,水4
7,峰,小城市廃棄物中継センター,火 金,水1,水2,水3,水4
7,本告,小城市廃棄物中継センター,月 木,水1,水2,水3,水4
7,門前,小城市廃棄物中継センター,火 金,水1,水2,水3,水4
8,焼山,小城市廃棄物中継センター,水,水1,水2,水3,水4
8,社,小城市廃棄物中継センター,月 木,水1,水2,水3,水4
8,八枝,小城市廃棄物中継センター,火 金,水1,水2,水3,水4
8,柳鶴,小城市廃棄物中継センター,火 金,水1,水2,水3,水4
8,山崎,小城市廃棄物中継センター,火 金,水1,水2,水3,水4
8,弥生町,小城市廃棄物中継センター,火 金,水1,水2,水3,水4
8,湯谷,小城市廃棄物中継センター,火 金,水1,水2,水3,水4
8,横町,小城市廃棄物中継センター,月 木,水1,水2,水3,水4
8,吉田,小城市廃棄物中継センター,月 木,水1,水2,水3,水4
8,吉原,小城市廃棄物中継センター,月 木,水1,水2,水3,水4
9,両新村,小城市廃棄物中継センター,火 金,水1,水2,水3,水4
9,六丁,小城市廃棄物中継センター,火 金,水1,水2,水3,水4
